,author,language,length,link,quote,tags
0,James Dashner,en,141,https://theysaidso.com/quote/james-dashner-i-felt-her-absence-it-was-like-waking-up-one-day-with-no-teeth-in,I felt her absence. It was like waking up one day with no teeth in your mouth. You wouldn't need to run to the mirror to know they were gone,"{absence, alone, breakup, broken, day, felt, forgive, gone, her, i, i-love-you, in, it, know, like, loneliness, lonely, mirror, miss, mouth, need, no, one, run, sad, separated, sorry, teeth, the, they, to, up, waking, want, was, were, with, wouldn-t, you, your}"
1,William T. Vollmann,en,253,https://theysaidso.com/quote/william-t-vollmann-but-as-i-have-said-the-bugs-had-no-interest-in-getting-usand,"But, as I have said, the bugs had no interest in getting usand no great curiosity or enthusiasm about us as such; from the cowardly cockroaches to the blind stolid ants they wanted only to be left alone to eat and breed and eat and breed, just like us.","{human-nature, perspective}"
2,Colson Whitehead,en,277,https://theysaidso.com/quote/colson-whitehead-i-cant-blame-modern-technology-for-my-predilection-for-distract,"I can't blame modern technology for my predilection for distraction, not after all the hours I've spent watching lost balloons disappear into the clouds. I did it before the Internet, and I'll do it after the apocalypse, assuming we still have helium and weak-gripped children.","{distraction, internet, technology, writing}"
3,Alice Waters,en,126,https://theysaidso.com/quote/alice-waters-im-always-going-back-to-elizabeth-david-i-continue-to-be-a-fan-i-ca,I'm always going back to Elizabeth David. I continue to be a fan. I can read and reread and find something important in there.,{}
4,Jonathan Raban,en,184,https://theysaidso.com/quote/jonathan-raban-books-admitted-me-to-their-world-open-handedly-as-people-for-thei,"?Books admitted me to their world open-handedly, as people for their most part, did not. The life I lived in books was one of ease and freedom, worldly wisdom, glitter, dash and style.",{books}
5,Jane Smiley,en,252,https://theysaidso.com/quote/jane-smiley-i-had-been-with-my-father-so-constantly-for-so-long-that-i-knew-less,..I had been with my father so constantly for so long that I knew less and less about him with every passing year. Every meaningful image was jumbled together with the countless moments of our daily life defeating my efforts to gain some perspective.,"{memory, perspective}"
6,Rebecca Solnit,en,984,https://theysaidso.com/quote/rebecca-solnit-one-project-of-teddy-cruzs-is-titled-living-rooms-at-the-border-i,"One {project of Teddy Cruz's} is titled Living Rooms at the Border. It takes a piece of land with an unused church zoned for three units and carefully arrays on it twelve affordable housing units, a community center (the converted church), offices for Casa in the church's attic, and a garden that can accommodate street markets and kiosks. 'In a place where current regulation allows only one use,' {Cruz} crows, ' we propose five different uses that support each other. This suggests a model of social sustainability for San Diego, one that conveys density not as bulk but as social choreography.' For both architect and patron, it's an exciting opportunity to prove that breaking the zoning codes can be for the best. Another one of Cruz's core beliefs is that if architects are going to achieve anything of social distinction, they will have to become developers' collaborators or developers themselves, rather than hirelings brought in after a project's parameters are laid out.","{architecture, planning}"
7,J.B. Cheaney,en,208,https://theysaidso.com/quote/jb-cheaney-some-part-of-me-knew-that-i-could-play-this-part-well-or-better-than,"Some part of me knew that I could play this part well, or better than well. But I was almost afraid to play it. The line between stage and life was so fragile here that I felt a risk of losing myself somehow.",{art}
8,Hilary Thayer Hamann,en,435,https://theysaidso.com/quote/hilary-thayer-hamann-and-loneliness-i-should-say-something-of-loneliness-the-pan,"And loneliness. I should say something of loneliness. The panic, the sweeping hysteria that comes not when you are without others, but when you are without yourself, adrift. I should describe the filthy province of mind, the blighted district inside, the place so crowded you cannot raise the lids of your eyes. Your shoulders are drawn and your head has fallen and your chest is bruised by the constant assault of your heart. (p. 37)","{hamann, loneliness}"
9,Natsuo Kirino,en,66,https://theysaidso.com/quote/natsuo-kirino-if-people-cant-stand-being-alone-they-have-no-choice-but-to-die,"If people can't stand being alone, they have no choice but to die","{life, sad, thought-provoking}"
10,Ariana Franklin,en,185,https://theysaidso.com/quote/ariana-franklin-a-daughter-rowley-scooped-up-the-child-and-held-her-high-the-bab,"A daughter,' Rowley scooped up the child and held her high. The baby blinked from sleep and crowed with him. 'Any fool can have a son,' he said. 'It takes a man to conceive a daughter.",{parenting}
11,Leslie Marmon Silko,en,170,https://theysaidso.com/quote/leslie-marmon-silko-i-will-tell-you-something-about-stories-they-arent-just-ente,"I will tell you something about stories... They aren't just entertainment. Don't be fooled. They are all we have, you see, all we have to fight off illness and death.",{storytelling}
12,Michelle Obama,en,143,https://theysaidso.com/quote/michelle-obama-we-need-to-fix-our-souls-our-souls-are-broken-in-this-nation-we-h,We need to fix our souls. Our souls are broken in this nation. We have lost our way. And it begins with inspiration. It begins with leadership.,"{inspiration, leadership, management, nations}"
13,Gennifer Choldenko,en,180,https://theysaidso.com/quote/gennifer-choldenko-nobody-knows-how-things-will-turn-out-thats-why-they-go-ahead,"Nobody knows how things will turn out, that's why they go ahead and play the game.. You give it your all and sometimes amazing things happen, but it's hardly ever what you expect.","{live-in-the-moment, optimism, possibility, uncertainty}"
14,J. M. Coetzee,en,276,https://theysaidso.com/quote/j-m-coetzee-why-does-love-even-such-love-as-he-claims-to-practise-need-the-spect,"Why does love, even such love as he claims to practise, need the spectacle of beauty to bring it to life? What, in the abstract, do shapely legs have to do with love, or for that matter with desire? Or is that just the nature of nature, about which one does not ask questions?","{beauty, life, nature, tso-love}"
15,Naomi Klein,en,594,https://theysaidso.com/quote/naomi-klein-it-is-eminently-possible-to-have-a-market-based-economy-that-require,"It is eminently possible to have a market-based economy that requires no such brutality and demands no such ideological purity. A free market in consumer products can coexist with free public health care, with public schools, with a large segment of the economy -- like a national oil company -- held in state hands. It's equally possible to require corporations to pay decent wages, to respect the right of workers to form unions, and for governments to tax and redistribute wealth so that the sharp inequalities that mark the corporatist state are reduced. Markets need not be fundamentalist.","{corporatist, government}"
16,Julia Cameron,en,56,https://theysaidso.com/quote/julia-cameron-the-capacity-for-delight-is-the-gift-of-paying-attention,The capacity for delight is the gift of paying attention,{gifts}
17,Anita Shreve,en,53,https://theysaidso.com/quote/anita-shreve-to-leave-after-all-was-not-the-same-as-being-left,"To leave, after all, was not the same as being left.","{anita-shreve, leaving, lesson, life, the-pilot-s-wife}"
18,John Green,en,761,https://theysaidso.com/quote/john-green-we-are-like-a-bunch-of-dogs-squirting-on-fire-hydrants-we-poison-the,"We are like a bunch of dogs squirting on fire hydrants. We poison the groundwater with our toxic piss, marking everything MINE in a ridiculous attempt to survive our deaths. I can't stop pissing on fire hydrants..I am an animal like any other. Hazel is different. She walks lightly, old man. She walks lightly upon the earth. She knows the truth: We're as likely to hurt the universe as we are to help it, and we're not likely to do either. People will say it's sad that she leaves a lesser scar, that fewer remember her, that she was loved deeply but not widely. But it's not sad. It's triumphant. It's heroic. Isn't that the real heroism?The real heroes anyway aren't the people doing things; the real heroes are the people NOTICING things, paying attention.","{character, depth, hero, heroism, intimacy, the-fault-in-our-stars}"
19,Karen Foxlee,en,68,https://theysaidso.com/quote/karen-foxlee-this-is-because-secrets-are-terrible-things-even-the-simplest-ones,This is because secrets are terrible things. Even the simplest ones,{wisdom-quote}
20,Pico Iyer,en,445,https://theysaidso.com/quote/pico-iyer-we-travel-initially-to-lose-ourselves-and-we-travel-next-to-find-ourse,"We travel, initially, to lose ourselves; and we travel, next to find ourselves. We travel to open our hearts and eyes and learn more about the world than our newspapers will accommodate. We travel to bring what little we can, in our ignorance and knowledge, to those parts of the globe whose riches are differently dispersed. And we travel, in essence, to become young fools again- to slow time down and get taken in, and fall in love once more.","{inspirational, self-awareness, travel, tso-love}"
21,Alan Hollinghurst,en,59,https://theysaidso.com/quote/alan-hollinghurst-the-worse-they-are-the-more-they-see-beauty-in-each-other,The worse they are the more they see beauty in each other.,"{beauty, behavior, people}"
22,Christiane Northrup,en,155,https://theysaidso.com/quote/christiane-northrup-feeling-grateful-to-or-appreciative-of-someone-or-something,Feeling grateful to or appreciative of someone or something in your life actually attracts more of the things that you appreciate and value into your life.,"{grateful, inspire, life, tod}"
23,Marjorie Garber,en,149,https://theysaidso.com/quote/marjorie-garber-if-you-have-a-dog-you-will-most-likely-outlive-it-to-get-a-dog-i,"If you have a dog, you will most likely outlive it; to get a dog is to open yourself to profound joy and, prospectively, to equally profound sadness.","{dog, joy, sadness}"
24,Bernard Bailyn,en,119,https://theysaidso.com/quote/bernard-bailyn-never-had-parliament-or-the-crown-or-both-together-operated-in-ac,"Never had Parliament or the crown, or both together, operated in actuality as theory indicated sovereign powers should.",{power}
25,Fannie Flagg,en,79,https://theysaidso.com/quote/fannie-flagg-remember-if-people-talk-behind-your-back-it-only-means-youre-two-st,"Remember if people talk behind your back, it only means you're two steps ahead!",{people}
26,Julia Child,en,148,https://theysaidso.com/quote/julia-child-i-still-feel-that-french-cooking-is-the-most-important-in-the-world,"I still feel that French cooking is the most important in the world, one of the few that has rules. If you follow the rules, you can do pretty well.","{french, rules}"
27,Paul Quarrington,en,215,https://theysaidso.com/quote/paul-quarrington-the-man-behind-the-check-in-counter-gives-the-impression-that-h,"The man behind the check-in counter gives the impression that he has just axe-murdered the motel's owner (and family, and family pet) and is going through these procedures of hostelry so as not to arouse suspicion.","{funny, hotels, humour, murder, receptionists}"
28,Clive Cussler,en,194,https://theysaidso.com/quote/clive-cussler-she-had-the-kids-during-the-day-and-i-would-have-them-at-night-tha,"She had the kids during the day and I would have them at night. That way they were never alone. I would put the kids to bed, and then I had nothing to do and nobody to talk to, so I would write.",{beds}
29,Ann-Marie MacDonald,en,134,https://theysaidso.com/quote/ann-marie-macdonald-my-first-advantage-i-have-everything-my-second-advantage-thi,My first advantage: I have everything. My second advantage: this is just another island. My third advantage: I am bigger than it all.,"{advantage, determination}"
30,Sharon Olds,en,186,https://theysaidso.com/quote/sharon-olds-maybe-we-can-use-a-metaphor-for-it-out-of-dance-i-think-for-many-yea,"Maybe we can use a metaphor for it, out of dance. I think for many years I was aware of the need, in dance and in life, to breathe deeply and to take in more air than we usually take in.","{dance, life}"
31,Craig Johnson,en,234,https://theysaidso.com/quote/craig-johnson-no-doubt-pier-1-has-a-substantial-brand-equity-my-suspicion-is-tha,"No doubt, Pier 1 has a substantial brand equity,.. My suspicion is that Buffett sees through the current problems and has confidence in whatever new vision and strategy the company is working on that isn't apparent yet to outsiders.",{}
32,Ed McBain,en,37,https://theysaidso.com/quote/ed-mcbain-fiddlers-doesnt-fit-the-profile,Fiddlers.. Doesn't fit the profile.,{}
33,Jeff Lindsay,en,146,https://theysaidso.com/quote/jeff-lindsay-when-faced-with-people-who-have-very-limited-conversational-skills,When faced with people who have very limited conversational skills and no apparent desire to cultivate any it's always easier to simply go along.,"{conversational, desire, easier}"
34,Daniel Ehrenhaft,en,187,https://theysaidso.com/quote/daniel-ehrenhaft-im-sorry-hen-i-still-have-feelings-for-you-its-just-that-my-ban,"I'm sorry, Hen. I still have feelings for you. It's just that my band needs a real bass player now. We're not a joke band anymore. Okay, sweetie?'That was how Petra Dostoyevsky fired me.","{realistic-fiction, teens}"
35,Meg Howrey,en,91,https://theysaidso.com/quote/meg-howrey-if-only-we-could-crawl-inside-our-dreams-and-live-there-why-cant-i-li,If only we could crawl inside our dreams and live there. Why can't I live inside my dream?,{dreams}
36,Stieg Larsson,en,224,https://theysaidso.com/quote/stieg-larsson-an-introverted-person-obviously-affected-by-her-past-lived-alone-h,"An introverted person obviously affected by her past. Lived alone, had no sex life, had difficulty getting close to people. Kept her distance, and when she let loose there was no restraint. She chose a stranger for a lover.",{alone}
37,Tamora Pierce,en,17,https://theysaidso.com/quote/tamora-pierce-funfunfunfunfun,Funfunfunfunfun!,"{funny, humor, joy}"
38,Mary Balogh,en,376,https://theysaidso.com/quote/mary-balogh-she-had-never-believed-in-fate-she-still-did-not-it-would-be-nonsens,"She had never believed in fate. She still did not. It would be nonsense of freedom of will and choice, and it was through such freedom that we worked our way through life and learned what we needed to learn. But sometimes, it seemed to her, there was something, some sign, to nudge one along in a certain direction. What one chose to do with that nudge was up to that person.",{fate}
39,Mark Kurlansky,en,211,https://theysaidso.com/quote/mark-kurlansky-there-is-a-dreamlike-quality-to-the-1936-basque-government-the-fu,"There is a dreamlike quality to the 1936 Basque government, the fulfillment of a historic longing that was to be crushed only nine months later in carnage the scale of which had never before been seen on earth.","{conflict, dreams, history, vision, war}"
40,Darrin Lunde,en,123,https://theysaidso.com/quote/darrin-lunde-bumblebee-bat-how-do-you-see-at-night-i-make-a-squeaky-sound-that-b,"-Bumblebee bat, how do you see at night?-I make a squeaky sound that bounces back from whatever it hits. I see by hearing.","{bats, children, echolocation}"
41,Zilpha Keatley Snyder,en,166,https://theysaidso.com/quote/zilpha-keatley-snyder-know-all-the-questions-but-not-the-answerslook-for-the-dif,"Know all the Questions, but not the AnswersLook for the Different, instead of the SameNever Walk where there's room for RunningDon't do anything that can't be a Game",{ya}
42,Christopher Barzak,en,98,https://theysaidso.com/quote/christopher-barzak-sometimes-youve-got-to-be-able-to-listen-to-yourself-and-be-o,Sometimes you've got to be able to listen to yourself and be okay with no one else understanding.,{inspirational}
43,Arthur Miller,en,198,https://theysaidso.com/quote/arthur-miller-the-closer-a-man-approaches-tragedy-the-more-intense-is-his-concen,"The closer a man approaches tragedy the more intense is his concentration of emotion upon the fixed point of his commitment, which is to say the closer he approaches what in life we call fanaticism.","{emotions, fanaticism, life, man}"
44,Sherwin B. Nuland,en,351,https://theysaidso.com/quote/sherwin-b-nuland-that-enormously-complex-biological-interactions-are-so-flawless,That enormously complex biological interactions are so flawlessly coordinated as to result in such obvious manifestations as human thought or the electrical activity that dries the heartbeat is as exciting to me -- actually more exciting -- than such phenomena were when I was a small boy and thought them divinely (in the supernatural sense) driven.,"{biology, science, spirtuality}"
45,Theresa Rebeck,en,180,https://theysaidso.com/quote/theresa-rebeck-weve-all-been-called-man-haters-there-was-one-point-in-my-career,"We've all been called man-haters. There was one point in my career, also, where I realized a certain breed of critic would project a sinister breed of feminism on everything I did.",{}
46,Seth Godin,en,61,https://theysaidso.com/quote/seth-godin-art-changes-posture-and-posture-changes-innocent-bystanders,Art changes posture and posture changes innocent bystanders.,{art}
47,Philip Pullman,en,195,https://theysaidso.com/quote/philip-pullman-if-you-cant-think-of-what-to-write-tough-luck-write-anyway-if-you,"If you can't think of what to write, tough luck; write anyway. If you can think of lots more when you've finished the three pages, don't write it; it'll be that much easier to get going next day.",{luck}
48,Edward Hirsch,en,93,https://theysaidso.com/quote/edward-hirsch-works-of-art-imitate-and-provoke-other-works-of-art-the-process-is,"Works of art imitate and provoke other works of art, the process is the source of art itself.",{art}
49,James Ellroy,en,77,https://theysaidso.com/quote/james-ellroy-im-getting-a-wider-circle-of-fans-now-more-women-more-middle-class,"I'm getting a wider circle of fans now. More women, more middle class people.","{circles, people, women}"
50,Sarah Mlynowski,en,73,https://theysaidso.com/quote/sarah-mlynowski-just-because-a-relationship-ends-it-doesnt-mean-its-not-worth-ha,"Just because a relationship ends, it doesn't mean it's not worth having.","{breaking-up, relationships, tso-love}"
51,Tim Lilburn,en,149,https://theysaidso.com/quote/tim-lilburn-dry-snow-coming-down-in-the-hills-magpies-hair-triggered-and-thuggis,"Dry snow coming down in the hills. Magpies hair-triggered and thuggish in worn trees. A wall has started to fall in you, it will take years to land.",{time}
52,Jules Feiffer,en,46,https://theysaidso.com/quote/jules-feiffer-maturity-is-only-a-short-break-in-adolescence,Maturity is only a short break in adolescence.,{maturity}
53,Jack Prelutsky,en,70,https://theysaidso.com/quote/jack-prelutsky-im-mostly-influenced-by-life-whats-around-me-and-my-own-childhood,"I'm mostly influenced by life, what's around me, and my own childhood.",{life}
54,George Orwell,en,3044,https://theysaidso.com/quote/george-orwell-here-one-comes-upon-an-all-important-english-trait-the-respect-for,"Here one comes upon an all-important English trait: the respect for constituitionalism and legality, the belief in 'the law' as something above the state and above the individual, something which is cruel and stupid, of course, but at any rate incorruptible. It is not that anyone imagines the law to be just. Everyone knows that there is one law for the rich and another for the poor. But no one accepts the implications of this, everyone takes for granted that the law, such as it is, will be respected, and feels a sense of outrage when it is not. Remarks like 'They can't run me in; I haven't done anything wrong', or 'They can't do that; it's against the law', are part of the atmosphere of England. The professed enemies of society have this feeling as strongly as anyone else. One sees it in prison-books like Wilfred Macartney's Walls Have Mouths or Jim Phelan's Jail Journey, in the solemn idiocies that take places at the trials of conscientious objectors, in letters to the papers from eminent Marxist professors, pointing out that this or that is a 'miscarriage of British justice'. Everyone believes in his heart that the law can be, ought to be, and, on the whole, will be impartially administered. The totalitarian idea that there is no such thing as law, there is only power, has never taken root. Even the intelligentsia have only accepted it in theory. An illusion can become a half-truth, a mask can alter the expression of a face. The familiar arguments to the effect that democracy is 'just the same as' or 'just as bad as' totalitarianism never take account of this fact. All such arguments boil down to saying that half a loaf is the same as no bread. In England such concepts as justice, liberty and objective truth are still believed in. They may be illusions, but they are powerful illusions. The belief in them influences conduct, national life is different because of them. In proof of which, look about you. Where are the rubber truncheons, where is the caster oil? The sword is still in the scabbard, and while it stays corruption cannot go beyond a certain point. The English electoral system, for instance, is an all but open fraud. In a dozen obvious ways it is gerrymandered in the interest of the moneyed class. But until some deep change has occurred in the public mind, it cannot become completely corrupt. You do not arrive at the polling booth to find men with revolvers telling you which way to vote, nor are the votes miscounted, nor is there any direct bribery. Even hypocrisy is powerful safeguard. The hanging judge, that evil old man in scarlet robe and horse-hair wig, whom nothing short of dynamite will ever teach what century he is living in, but who will at any rate interpret the law according to the books and will in no circumstances take a money bribe, is one of the symbolic figures of England. He is a symbol of the strange mixture of reality and illusion, democracy and privilege, humbug and decency, the subtle network of compromises, by which the nation keeps itself in its familiar shape.","{illusions, law, politics, public, system}"
55,Annette Curtis Klause,en,250,https://theysaidso.com/quote/annette-curtis-klause-he-was-raw-and-sharp-and-rich-and-throbbing-with-life-he-w,"He was raw and sharp and rich and throbbing with life. He was sweet blood after a long hunt. How could she have mistaken Aiden's kisses for this? They had been delicious and smooth like the brief comfort of chocolate, but they had never been enough.","{completion, desire, tso-love}"
56,Susan Vreeland,en,168,https://theysaidso.com/quote/susan-vreeland-no-one-but-another-painter-could-know-the-delicacy-required-to-ba,"No one but another painter could know the delicacy required to balance the complexities, to keep reality at bay in order to remain in the innermost center of his work.","{art, focus, obsession}"
57,Harry Turtledove,en,61,https://theysaidso.com/quote/harry-turtledove-fiction-has-to-be-plausible-all-history-has-to-do-is-happen,Fiction has to be plausible. All history has to do is happen.,{history}
58,Rafe Esquith,en,100,https://theysaidso.com/quote/rafe-esquith-thats-the-beauty-of-art-we-strive-for-perfection-but-never-achieve,That's the beauty of art--we strive for perfection but never achieve it. The journey is everything.,{art}
59,Joan Aiken,en,416,https://theysaidso.com/quote/joan-aiken-it-was-dusk-winter-dusk-snow-lay-white-and-shining-over-the-pleated-h,"It was dusk - winter dusk. Snow lay white and shining over the pleated hills, and icicles hung from the forest trees. Snow lay piled on the dark road across Willoughby Wold, but from dawn men had been clearing it with brooms and shovels. There were hundreds of them at work, wrapped in sacking because of the bitter cold, and keeping together in groups for fear of the wolves, grown savage and reckless from hunger.",{opening-lines}
60,Pat Barker,en,290,https://theysaidso.com/quote/pat-barker-the-way-i-see-it-when-you-put-the-uniform-on-in-effect-you-sign-a-con,"The way I see it, when you put the uniform on, in effect you sign a contract. And you don't back out of a contract merely because you've changed your mind. You can still speak up for your principles, you can still argue against the ones you're being made to fight for, but in the end you.","{duty, rebellion, war}"
61,Yotam Ottolenghi,en,391,https://theysaidso.com/quote/yotam-ottolenghi-it-is-more-than-twenty-years-since-we-left-the-city-this-is-a-s,"It is more than twenty years since we left the city. This is a serious chunk of time, longer than the years we spent living there. Yet we still think of Jerusalem as our home. Not home in the sense of the place that you conduct your daily life or constantly return to. In fact, Jerusalem is our home almost against our wills. It is our home because it defines us, whether we like it or not.","{emigration, home, jerusalem, sami-tamimi, yotam-ottolenghi}"
62,Caitlin Kittredge,en,185,https://theysaidso.com/quote/caitlin-kittredge-in-a-platonic-and-boring-fashion-is-it-all-right-if-i-share-yo,"In a platonic and boring fashion, is it all right if I share your fire until me clothes dry out? I have a feeling if I fall asleep damp I'll wake up with some horrid Victorian disease.","{jack, pete}"
63,Jane Hamilton,en,134,https://theysaidso.com/quote/jane-hamilton-she-read-books-quickly-and-compulsively-paperback-after-paperback,"She read books quickly and compulsively, paperback after paperback, as if she might drift away without the anchor of the printed page.",{books}
64,Jaimy Gordon,en,628,https://theysaidso.com/quote/jaimy-gordon-but-little-spinoza-was-only-interested-in-that-satchel-bellied-ten,"But Little Spinoza was only interested in that satchel-bellied ten-dollar billy goat. First he jumped back like insulted when the goat lift his head at him and stare. What you think this is, son? Ain't nothing but a spotted he-goat, good for nothing save to be the horse's friend. He gone urinate in you hay and shove his head in you feed bucket and race you to you eats. You don't mind out, he win too. You want that? Medicine Ed reached down and touched that peculiar armor-plate forehead of the goat between his coin-slot eyes, and shuddered. But Little Spinoza dance around and look happy and want a billy goat all his own.",{horses}
65,Haruki Murakami,en,240,https://theysaidso.com/quote/haruki-murakami-strange-as-it-may-seem-or-perhaps-it-does-not-seem-so-strange-th,"Strange as it may seem or perhaps it does not seem so strange they all had the same thought: it was so much easier to kill humans on the battlefield than animals in cages, even if, on the battlefield, one might end up being killed oneself.","{killing, wind-up-bird-chronicle}"
66,Libba Bray,en,210,https://theysaidso.com/quote/libba-bray-the-world-expected-girls-to-pluck-and-primp-and-put-on-heels-meanwhil,"The world expected girls to pluck and primp and put on heels. Meanwhile, boys dressed in rumpled T-shirts and baggy pants and misplace their combs, and yet you were suppose to fall at their feet? Unacceptable.","{boys, men, true, world}"
67,Chimamanda Ngozi Adichie,en,132,https://theysaidso.com/quote/chimamanda-ngozi-adichie-her-bladder-felt-painfully-solidly-full-as-though-it-wo,"Her bladder felt painfully, solidly full, as though it would burst and release not urine but the garbled prayers she was muttering.",{perfect}
68,Marjane Satrapi,en,97,https://theysaidso.com/quote/marjane-satrapi-whether-this-tale-be-true-or-false-none-can-tell-for-none-were-t,"Whether this tale be true or false, none can tell, for none were there to witness it themselves.",{storytelling}
69,Salvatore Scibona,en,85,https://theysaidso.com/quote/salvatore-scibona-reading-messed-with-my-brain-in-an-unaccountable-way-it-made-m,Reading messed with my brain in an unaccountable way. It made me happy or something.,"{brains, happiness, reading}"
70,Sophie Kinsella,en,145,https://theysaidso.com/quote/sophie-kinsella-when-i-shop-the-world-gets-better-and-the-world-is-better-but-th,"When I shop, the world gets better, and the world is better, but then it's not, and I need to do it again.(Confessions of a Shopaholic-the movie)","{again, better, clothes, money, shop, shopping, spend, world}"
71,Timothy Snyder,en,287,https://theysaidso.com/quote/timothy-snyder-it-is-easy-to-sanctify-policies-or-identities-by-the-deaths-of-vi,"It is easy to sanctify policies or identities by the deaths of victims. It is less appealing, but morally more urgent, to understand the actions of the perpetrators. The moral danger, after all, is never that one might become a victim but that one might be a perpetrator or a bystander.","{history, world-war-ii}"
72,Robert Harris,en,82,https://theysaidso.com/quote/robert-harris-power-brings-a-man-many-luxuries-but-a-clean-pair-of-hands-is-seld,"Power brings a man many luxuries, but a clean pair of hands is seldom among them.","{luxuries, power}"
73,John Boyne,en,161,https://theysaidso.com/quote/john-boyne-despite-the-mayhem-that-followed-bruno-found-that-he-was-still-holdin,".. Despite the mayhem that followed, Bruno found that he was still holding Shmuel's hand in his own and nothing in the world would have persuaded him to let go.","{death, friendship, holocaust, inspirational, life, tear-jerker, tso-love, wwii-fiction}"
74,Robert B. Parker,en,158,https://theysaidso.com/quote/robert-b-parker-i-think-finally-good-writing-gets-out-there-and-people-like-it-a,"I think finally good writing gets out there, and people like it, and bad writing doesn't. Well, no. Bad writing does get out there 'cause some people like it.",{people}
75,Franz Kafka,en,137,https://theysaidso.com/quote/franz-kafka-alle-menschlichen-fehler-sind-ungeduld-ein-vorzeitiges-abbrechen-des,"Alle menschlichen Fehler sind Ungeduld, ein vorzeitiges Abbrechen des Methodischen, ein scheinbares Einpf√§hlen der scheinbaren Sache.","{german, life, philosophy, sin, truth}"
76,Gary Webb,en,129,https://theysaidso.com/quote/gary-webb-you-cant-believe-the-government-on-anything-and-you-especially-cant-be,You can't believe the government - on anything. And you especially can't believe them when they're talking about important stuff.,{government}
77,Diana Gabaldon,en,140,https://theysaidso.com/quote/diana-gabaldon-ye-are-blood-of-my-blood-and-bone-of-my-bonei-give-ye-my-body-tha,"Ye are Blood of my Blood, and Bone of my Bone,I give ye my Body, that we Two might be One.I give ye my Spirit, 'til our Life shall be Done.","{marriage, romance, tso-love}"
78,John Grisham,en,252,https://theysaidso.com/quote/john-grisham-im-not-in-favor-of-the-death-penalty-but-im-in-favor-of-locking-the,I'm not in favor of the death penalty. But I'm in favor of locking these people away in maximum security units where they can never get out. They can never escape. They can never be paroled. Lock the bad ones away. But you gotta rethink everybody else.,"{death, favors, people}"
79,April Lurie,en,17,https://theysaidso.com/quote/april-lurie-shell-be-apples,She'll be apples,{power}
80,Dani Shapiro,en,300,https://theysaidso.com/quote/dani-shapiro-i-had-spent-my-childhood-and-the-better-part-of-my-early-adulthood,"I had spent my childhood and the better part of my early adulthood trying to understand my mother. She had been an extraordinarily difficult person, spiteful and full of rage, with a temper that could flare, seemingly out of nowhere, scorching everything and everyone who got in its way. {pp. 40-41}",{mother}
81,Amber Kizer,en,127,https://theysaidso.com/quote/amber-kizer-what-is-it-tens-i-can-see-the-stick-up-your-arse-from-here-im-dying,"What is it? Tens, I can see the stick up your arse from here. I'm dying remember? Dying people don't have time for silly moods","{amber-kizer, funny, meridian, mrs-fulbright}"
82,Maxine Hong Kingston,en,310,https://theysaidso.com/quote/maxine-hong-kingston-this-is-the-most-important-thing-about-me-im-a-card-carryin,This is the most important thing about me--I'm a card-carrying reader. All I really want to do is sit and read or lie down and read or eat and read or shit and read. I'm a trained reader. I want a job where I get paid for reading books. And I don't have to make reports on what I read or to apply what I read.,"{books, reading}"
83,Simon Sebag Montefiore,en,158,https://theysaidso.com/quote/simon-sebag-montefiore-but-to-her-libraries-were-like-hotels-secret-villages-inh,"But to her, libraries were like hotels: secret villages inhabited by passing strangers from a thousand different worlds brought together just for a few hours.","{books, library}"
84,Lauren Kate,en,210,https://theysaidso.com/quote/lauren-kate-then-the-angels-the-demon-and-the-nephilim-flew-to-distant-corners-o,"Then the angels, the demon, and the Nephilim flew to distant corners of the sky, leaving a moment's brilliant flash of light behind them, as below, Luce and Daniel fell in love for the first-and the last- time","{inspiring, love-song, sad}"
85,Wendelin Van Draanen,en,119,https://theysaidso.com/quote/wendelin-van-draanen-you-cant-dwell-on-what-might-have-beenand-its-not-fair-to-c,You can't dwell on what might have been.. And it's not fair to condemn him for something he hasn't done.- Grandpa Chet,"{inspirational, life, prejudice, wisdom}"
86,Jon Meacham,en,134,https://theysaidso.com/quote/jon-meacham-always-take-all-the-time-to-reflect-that-circumstances-permit-but-wh,"Always take all the time to reflect that circumstances permit, but when the time for action has come, stop thinking. (Andrew Jackson)","{action, andrew-jackson, thought}"
87,Sarah Waters,en,175,https://theysaidso.com/quote/sarah-waters-with-every-step-i-took-away-from-her-the-movement-at-my-heart-and-b,"With every step I took away from her, the movement at my heart and between my legs grew more defined: I felt like a ventriloquist, locking his protesting dolls in to a trunk.","{desire, lesbian, unrequited-love}"
88,Charlaine Harris,en,158,https://theysaidso.com/quote/charlaine-harris-i-dont-think-any-woman-minds-knowing-she-looks-good-as-long-as,"I don't think any woman minds knowing she looks good, as long as the admiration isn't expressed in an offensive way and doesn't come from a disgusting source.",{sookie-stackhouse}
89,Bruce Coville,en,23,https://theysaidso.com/quote/bruce-coville-luster-bring-me-home,"Luster, bring me home.","{childrens, fantasy, unicorns}"
90,Robert Kurson,en,146,https://theysaidso.com/quote/robert-kurson-it-was-easy-to-get-an-incomplete-picture-of-the-world-if-one-relie,".. It was easy to get an incomplete picture of the world if one relied solely on experts, and how important is would be to further rely on oneself",{independence}
91,Isabel Allende,en,67,https://theysaidso.com/quote/isabel-allende-my-worst-flaw-is-that-i-tell-secrets-my-own-and-everybody-elses,"My worst flaw is that I tell secrets, my own and everybody else's.",{writing}
92,Conn Iggulden,en,307,https://theysaidso.com/quote/conn-iggulden-courage-cannot-be-left-like-bones-in-a-bag-it-must-be-brought-out,"Courage cannot be left like bones in a bag. It must be brought out and shown the light again and again, growing stronger each time. If you think it will keep for the times you need it, you are wrong. It is like any other part of your strength. If you ignore it, the bag will be empty when you need it most.",{courage}
93,Jennifer Egan,en,108,https://theysaidso.com/quote/jennifer-egan-a-frenzy-of-activity-that-had-mostly-led-him-in-circles-wasnt-that,A frenzy of activity that had mostly led him in circles: wasn't that a fairly accurate description of lust?,"{lust, repetition}"
94,Jhumpa Lahiri,en,95,https://theysaidso.com/quote/jhumpa-lahiri-i-would-not-send-a-first-story-anywhere-i-would-give-myself-time-t,I would not send a first story anywhere. I would give myself time to write a number of stories.,"{numbers, thetimes, time}"
95,Michael Scott,en,161,https://theysaidso.com/quote/michael-scott-here-you-can-walk-into-a-bookstore-and-pick-up-a-bible-or-christia,"Here, you can walk into a bookstore and pick up a Bible or Christian literature and learn. Over there, they are lucky if they have one Bible for a whole village.",{literature}
96,Lev Grossman,en,238,https://theysaidso.com/quote/lev-grossman-in-a-way-fighting-was-just-like-using-magic-you-said-the-words-and,"In a way fighting was just like using magic. You said the words, and they altered the universe. By merely speaking you could create damage and pain, cause tears to fall, drive people away, make yourself feel better, make your life worse.","{fighting, magic}"
97,Dave Eggers,en,294,https://theysaidso.com/quote/dave-eggers-but-while-sasha-told-us-that-in-america-even-the-most-successful-men,"But while Sasha told us that in America even the most successful men can have but one wife at once--my father had six--and talked about escalators, indoor plumbing, and the various laws of the land, he did not warn us that I would be told by American teenagers that I should go back to Africa.",{nonfiction}
98,Dai Sijie,en,94,https://theysaidso.com/quote/dai-sijie-in-chinese-love-stories-the-one-who-loves-always-starts-by-borrowing-a,In Chinese love stories the one who loves always starts by borrowing a book from the beloved.,"{book, tso-love}"
99,Marie Arana,en,148,https://theysaidso.com/quote/marie-arana-in-the-long-history-of-male-and-female-relations-all-the-way-back-to,"In the long history of male and female relations all the way back to the Garden, I can't think of one in which a woman's anger ever won over a man.",{relationships}
100,Rudy Wiebe,en,214,https://theysaidso.com/quote/rudy-wiebe-understand-is-not-the-word-you-are-right-you-can-never-really-underst,"Understand is not the word; you are right, you can never really 'understand' about someone, anyone, even yourself. It is best to believe in them as human; feel that they are alive like you and need warmth, concern.","{literature, wiebe}"
101,Jon Krakauer,en,78,https://theysaidso.com/quote/jon-krakauer-mr-franz-i-think-careers-are-a-20th-century-invention-and-i-dont-wa,"Mr. Franz, I think careers are a 20th century invention and I don't want one.",{inspirational}
102,Sarah Dessen,en,381,https://theysaidso.com/quote/sarah-dessen-some-people-they-cant-just-move-on-you-know-mourn-and-cry-and-be-do,"Some people, they can't just move on, you know, mourn and cry and be done with it. Or at least seem to be. But for me.. I don't know. I didn't want to fix it, to forget. It wasn't something that was broken. It's just.. Something that happened. And like that hole, I'm just finding ways, every day, of working around it. Respecting and remembering and getting on at the same time.","{life, mourning}"
103,Myla Goldberg,en,151,https://theysaidso.com/quote/myla-goldberg-she-has-often-felt-that-her-outsides-were-too-dull-for-her-insides,"She has often felt that her outsides were too dull for her insides, that deep within her there was something better than what everyone else could see.","{life, soul}"
104,Jodi Picoult,en,139,https://theysaidso.com/quote/jodi-picoult-you-would-wind-up-as-a-cat-i-told-her-they-dont-need-anyone-else-i,"You would wind up as a cat, I told her. They don't need anyone else. I need you, she replied. Well, I said. Maybe I'll come back as catnip.","{cat, jodi-picoult, my-sister-s-keeper, reincarnation, wit}"
105,Clea Koff,en,187,https://theysaidso.com/quote/clea-koff-that-is-why-it-could-happen-anywhere-given-the-right-ingredients-parti,"That is why it could happen anywhere, given the right ingredients: particular people in government, competing with others- or with each other- over natural and wealth-creating resources.","{bone, woman}"
106,Tanith Lee,en,180,https://theysaidso.com/quote/tanith-lee-im-writing-what-comes-into-my-head-or-through-me-or-from-somewhere-el,"I'm writing what comes into my head, or through me, or from somewhere else, and it is the most extraordinary, exciting thing. I love it, and I'm very greedy, and I really enjoy it!",{tso-love}
107,Stephen Fry,en,54,https://theysaidso.com/quote/stephen-fry-stop-feeling-sorry-for-yourself-and-you-will-be-happy,Stop feeling sorry for yourself and you will be happy.,"{inspirational, philosophy}"
108,Amor Towles,en,111,https://theysaidso.com/quote/amor-towles-thats-how-quickly-new-york-city-comes-about-like-a-weather-wane-or-t,That's how quickly New York City comes about - like a weather wane - or the head of a cobra. Time tells which.,"{new-york-city, nyc}"
109,Ian McEwan,en,141,https://theysaidso.com/quote/ian-mcewan-the-cost-of-oblivious-daydreaming-was-always-this-moment-of-return-th,"The cost of oblivious daydreaming was always this moment of return, the realignment with what had been before and now seemed a little worse.","{daydreaming, dreams, fantasy, imagination, life}"
110,John Berger,en,649,https://theysaidso.com/quote/john-berger-a-mans-death-makes-everything-certain-about-him-of-course-secrets-ma,"A man's death makes everything certain about him. Of course, secrets may die with him. And of course, a hundred years later somebody looking through some papers may discover a fact which throws a totally different light on his life and of which all the people who attended his funeral were ignorant. Death changes the facts qualitatively but not quantitatively. One does not know more facts about a man because he is dead. But what one already knows hardens and becomes definite. We cannot hope for ambiguities to be clarified, we cannot hope for further change, we cannot hope for more. We are now the protagonists and we have to make up our minds.","{death, facts, life}"
111,James Gleick,en,86,https://theysaidso.com/quote/james-gleick-ideas-that-require-people-to-reorganize-their-picture-of-the-world,Ideas that require people to reorganize their picture of the world provoke hostility.,"{chaos, chaos-theory, life, mathematics, paradigm, paradigm-shift, philosophy, physics, science, thomas-kuhn}"
112,Daria Snadowsky,en,141,https://theysaidso.com/quote/daria-snadowsky-pain-was-my-tie-to-a-past-that-a-part-of-me-wanted-to-hold-on-to,"Pain was my tie to a past that a part of me wanted to hold on to. The more I hurt, the more I knew I loved, and that felt like a good thing.",{breakups}
113,Arundhati Roy,en,368,https://theysaidso.com/quote/arundhati-roy-people-are-so-isolated-and-so-alone-and-so-suspicious-and-so-compe,"People are so isolated, and so alone, and so suspicious, and so competitive with each other, and so sure that they are about to be conned by their neighbor, or by their mother, or by their sister, or their grandmother. What's the use of having fifty percent of the world's wealth, or whatever it is that you have, if you're going to live this pathetic, terrified life?",{}
114,Charles de Lint,en,146,https://theysaidso.com/quote/charles-de-lint-i-was-going-through-the-motions-of-life-instead-of-really-living,"I was going through the motions of life, instead of really living, and there's no excuse for that. It's not something I'll let happen to me again.",{life}
115,Suze Orman,en,142,https://theysaidso.com/quote/suze-orman-we-never-had-it-as-rough-as-the-kids-have-it-today-look-at-the-price,"We never had it as rough as the kids have it today,.. Look at the price of a gallon of gas or a piece of real estate or a college education.",{}
116,Jeffrey Eugenides,en,260,https://theysaidso.com/quote/jeffrey-eugenides-we-greeks-are-a-moody-people-suicide-makes-sense-to-us-putting,We Greeks are a moody people. Suicide makes sense to us. Putting up Christmas lights after your own daughter does it--that makes no sense. What my yia yia could never understand about America was why everyone pretended to be happy all the time.-Mrs. Karafilis,"{jeffrey-eugenides, pretend-happiness, suicide, the-virgin-suicides}"
117,Yann Martel,en,71,https://theysaidso.com/quote/yann-martel-my-feelings-can-perhaps-be-imagined-but-they-can-hardly-be-described,"My feelings can perhaps be imagined, but they can hardly be described.",{feelings}
118,Roy MacGregor,en,126,https://theysaidso.com/quote/roy-macgregor-all-the-gravestones-offered-were-dates-something-to-serve-as-mere,"All the gravestones offered were dates, something to serve as mere parentheses around what really happened in a person's life.",{}
119,Barack Obama,en,154,https://theysaidso.com/quote/barack-obama-even-the-smallest-act-of-service-the-simplest-act-of-kindness-is-a,"Even the smallest act of service, the simplest act of kindness, is a way to honor those we lost; a way to reclaim that spirit of unity that followed 9/11.","{honor, kindness, reclaim, service, spirit, unity}"
120,Sapphire,en,35,https://theysaidso.com/quote/sapphire-depression-is-anger-turned-inward,Depression is anger turned inward.,"{depression, precious}"
121,Jared Diamond,en,245,https://theysaidso.com/quote/jared-diamond-twenty-years-ago-you-might-have-been-pessimistic-and-said-theres-n,"Twenty years ago, you might have been pessimistic and said there's no hope. But these days, some of our very biggest companies are acting remarkably cleanly. And in some cases, although not all cases, the CEOs are the driving forces behind that.",{force}
122,Markus Zusak,en,63,https://theysaidso.com/quote/markus-zusak-she-took-a-step-and-didnt-want-to-take-any-more-but-she-did,"She took a step and didn't want to take any more, but she did.","{heartbreak, loss, moving, moving-on, stepping}"
123,P. D. James,en,54,https://theysaidso.com/quote/p-d-james-what-a-child-doesnt-receive-he-can-seldom-later-give,What a child doesn't receive he can seldom later give.,{}
124,Jake Wizner,en,88,https://theysaidso.com/quote/jake-wizner-i-wrote-you-this-poem-because-i-was-afraid-to-come-out-and-tell-you,I wrote you this poem because i was afraid/ To come out and tell you i want to get laid.,{shakespeare}
125,Sheryl WuDunn,en,358,https://theysaidso.com/quote/sheryl-wudunn-decades-from-now-people-will-look-back-and-wonder-how-societies-co,"Decades from now, people will look back and wonder how societies could have acquiesced in a sex slave trade in the twenty-first century that is.. Bigger than the transatlantic slave trade was in the nineteenth. They will be perplexed that we shrugged as a lack of investment in maternal health caused half a million women to perish in childbirth each year.","{nonfiction, women-s-rights}"
126,Nora Roberts,en,95,https://theysaidso.com/quote/nora-roberts-a-woman-with-romance-in-her-life-lived-as-grandly-as-a-queen-becaus,"A woman with romance in her life lived as grandly as a queen, because her heart was treasured.","{romance, tso-love}"
127,James Gleick,en,86,https://theysaidso.com/quote/james-gleick-thinking-about-language-while-thinking-in-language-leads-to-puzzles,"Thinking about language, while thinking _in_ language, leads to puzzles and paradoxes.","{babbage, information}"
128,Gary Webb,en,249,https://theysaidso.com/quote/gary-webb-after-spending-three-years-of-my-life-looking-into-this-i-am-more-conv,"After spending three years of my life looking into this, I am more convinced than ever that the U.S. Government's responsibility for the drug problems in South Central Los Angeles and other inner cities is greater than I ever wrote in the newspaper.","{government, life}"
129,Lev Grossman,en,311,https://theysaidso.com/quote/lev-grossman-quentin-had-an-obsolete-sailing-ship-that-had-been-raised-from-the,"Quentin had an obsolete sailing ship that had been raised from the dead. He had psychotically effective swordsman and an enigmatic witch-queen. It wasn't the Fellowship of the Ring, but then again he wasn't trying to save the world from Sauron, he was trying to perform a tax audit on a bunch of hick islanders",{tolkien}
130,Michael Palin,en,500,https://theysaidso.com/quote/michael-palin-it-was-a-strange-feeling-going-into-a-church-i-did-not-know-for-a,"It was a strange feeling going into a church I did not know for a service that I did not really believe in, but once inside I couldn't help a feeling of warmth and security. Outside there were wars and road accidents and murders, striptease clubs and battered babies and frayed tempers and unhappy marriages and people contemplating suicide and bad jokes, but once in St. Martin's there was peace. Surely people go to church not to involve themselves in the world's problems but to escape from them.","{church, contemplation, peace, problems, religion}"
131,Bernhard Schlink,en,1168,https://theysaidso.com/quote/bernhard-schlink-being-ill-when-you-are-a-child-or-growing-up-is-such-an-enchant,"Being ill when you are a child or growing up is such an enchanted interlude! The outside world, the world of free time in the yard or the garden or on the street, is only a distant murmmur in the sickroom. Inside, a whole world of characters and stories proliferate out of the books you read. The fever that weakens your perception as it sharpens your imagination turns the sickroom into something new, both familiar and strange; monsters come grinning out of the patterns on the curtains and the carpet, and chairs, tables, bookcases and wardrobes burst out of their normal shapes and become mountains and buildings and ships you can almost touch although they're far away. Through the long hours of the night you have the Church clock for company and the rumble of the occasional passing car that throws it's headlights across the walls and ceilings. These are hours without sleep, which is not to say they're sleepless, because on the contrary, they're not about lack of anything, they are rich and full. Desires, memories, fears, passions form labryinths in which we lose and find then lose ourselves again. They are hours where anything is possible, good or bad.","{being-ill, books, childhood, imagination, reading}"
132,James Ellroy,en,92,https://theysaidso.com/quote/james-ellroy-i-love-thinking-about-american-history-thinking-about-la-history-i,"I love thinking about American history, thinking about LA history. I love brooding on crime.","{crime, history, tso-love}"
133,Gennifer Choldenko,en,180,https://theysaidso.com/quote/gennifer-choldenko-nobody-knows-how-things-will-turn-out-thats-why-they-go-ahead,"Nobody knows how things will turn out, that's why they go ahead and play the game.. You give it your all and sometimes amazing things happen, but it's hardly ever what you expect.","{live-in-the-moment, optimism, possibility, uncertainty}"
134,Haruki Murakami,en,364,https://theysaidso.com/quote/haruki-murakami-ive-been-lonely-for-so-long-and-ive-been-hurt-so-deeply-if-only,"I've been lonely for so long. And I've been hurt so deeply. If only I could have met you again a long time ago, then I wouldn't have had to take all these detours to get here.'Tengo shook his head. 'I don't think so. This way is just fine. This is exactly the right time. For both of us. {..} We needed that much time.. To understand how lonely we really were.","{fate, tso-love}"
135,Jim Crace,en,100,https://theysaidso.com/quote/jim-crace-these-are-the-stories-that-we-tell-ourselves-and-only-ourselves-and-th,"These are the stories that we tell ourselves and only ourselves, and they are better left unshared.","{ashamed, secrets, thoughts}"
136,Brian Greene,en,249,https://theysaidso.com/quote/brian-greene-his-father-was-a-great-guy-and-was-always-a-good-fan-he-loved-duke,"His father was a great guy and was always a good fan. He loved Duke football, and he loved his son, which is why Jim is struggling with this so much. He loved his dad. We're all feeling for him right now, and we hope he gets through this tough time.",{}
137,Paul Quarrington,en,191,https://theysaidso.com/quote/paul-quarrington-mind-you-thunder-bay-has-a-lot-of-outskirts-its-actually-two-ci,"Mind you, Thunder Bay has a lot of outskirts. It's actually two cities melded together, so in a sense it has twice as many outskirts as other places. It's understandable that we got lost..","{cities, direction, lost, thunder_bay}"
138,Jhumpa Lahiri,en,334,https://theysaidso.com/quote/jhumpa-lahiri-he-owned-an-expensive-camera-that-required-thought-before-you-pres,"He owned an expensive camera that required thought before you pressed the shutter, and I quickly became his favorite subject, round-faced, missing teeth, my thick bangs in need of a trim. They are still the pictures of myself I like best, for they convey that confidence of youth I no longer possess, especially in front of a camera.","{confidence, photography, photos, pictures, youth}"
139,Jon Krakauer,en,460,https://theysaidso.com/quote/jon-krakauer-the-seas-only-gifts-are-harsh-blows-and-occasionally-the-chance-to,"The sea's only gifts are harsh blows, and occasionally the chance to feel strong. Now I don't know much about the sea, but I do know that that's the way it is here. And I also know how important it is in life not necessarily to be strong but to feel strong. To measure yourself at least once. To find yourself at least once in the most ancient of human conditions. Facing the blind death stone alone, with nothing to help you but your hands and your own head.",{inspirational}
140,Olga Tokarczuk,en,67,https://theysaidso.com/quote/olga-tokarczuk-ograniczenie-umysowe-i-okruciestwo-ludzkie-nie-zna-granic,(..) ograniczenie umys?owe i okrucie?stwo ludzkie nie zna granic.,"{cruelty, narrowmindedness, people}"
141,Scott Anderson,en,115,https://theysaidso.com/quote/scott-anderson-alex-is-going-to-put-pressure-on-you-with-his-legs-if-he-gets-int,"Alex is going to put pressure on you with his legs. If he gets into your secondary, he becomes like a running back.",{}
142,Joyce Carol Oates,en,48,https://theysaidso.com/quote/joyce-carol-oates-in-love-there-are-two-things-bodies-and-words,In love there are two things - bodies and words.,{tso-love}
143,Julia Child,en,295,https://theysaidso.com/quote/julia-child-i-found-that-the-recipes-in-most-in-all-the-books-i-had-were-really,"I found that the recipes in most - in all - the books I had were really not adequate. They didn't tell you enough.. I won't do anything unless I'm told why I'm doing it. So I felt that we needed fuller explanations so that if you followed one of those recipes, it should turn out exactly right.",{rights}
144,Geraldine Brooks,en,135,https://theysaidso.com/quote/geraldine-brooks-who-is-the-brave-man-he-who-feels-no-fear-if-so-then-bravery-is,"Who is the brave man--he who feels no fear? If so, then bravery is but a polite term for a mind devoid of rationality and imagination.","{bravery, fear}"
145,Cody McFadyen,en,52,https://theysaidso.com/quote/cody-mcfadyen-lgen-schmerzen-die-wahrheit-jedoch-bewegt-uns,"L√ºgen schmerzen, die Wahrheit jedoch bewegt uns.","{books, inspirational, reading}"
146,Sue Stauffacher,en,222,https://theysaidso.com/quote/sue-stauffacher-do-you-remember-his-science-project-harry-sue-on-the-trajectory,"Do you remember his science project, Harry Sue, on the trajectory of spitballs? I tell you, that modest little display taught our students more about physics than I could accomplish in a weeklong unit at the middle school","{funny, humor, science}"
147,Oliver Sacks,en,524,https://theysaidso.com/quote/oliver-sacks-there-are-of-course-inherent-tendencies-to-repetition-in-music-itse,"There are, of course, inherent tendencies to repetition in music itself. Our poetry, our ballads, our songs are full of repetition; nursery rhymes and the little chants and songs we use to teach young children have choruses and refrains. We are attracted to repetition, even as adults; we want the stimulus and the reward again and again, and in music we get it. Perhaps, therefore, we should not be surprised, should not complain if the balance sometimes shifts too far and our musical sensitivity becomes a vulnerability.","{earworms, hypotheses, hypothesis, music, neuroscience, psychology, science, songs, theories}"
148,Dr. Seuss,en,106,https://theysaidso.com/quote/dr-seuss-the-more-that-you-read-the-more-things-you-will-know-the-more-that-you,"The more that you read, the more things you will know. The more that you learn, the more places you'll go.","{places, reading}"
149,Jennifer Egan,en,121,https://theysaidso.com/quote/jennifer-egan-it-was-the-hat-he-looked-sweet-in-the-hat-how-could-a-man-in-a-fuz,It was the hat. He looked sweet in the hat. How could a man in a fuzzy blue hat have used human bones to pave his roads?,"{funny, hats, humor, war-crimes}"
150,Anthony Horowitz,en,157,https://theysaidso.com/quote/anthony-horowitz-show-holmes-a-drop-of-water-and-he-would-deduce-the-existence-o,Show Holmes a drop of water and he would deduce the existence of the Atlantic. Show it to me and I would look for a tap. That was the difference between us.,"{brains, deduction, genius, intelligence, mental-power, sherlock-holmes}"
151,Joan Didion,en,127,https://theysaidso.com/quote/joan-didion-i-write-entirely-to-find-out-what-im-thinking-what-im-looking-at-wha,"I write entirely to find out what I'm thinking, what I'm looking at, what I see and what it means. What I want and what I fear.",{}
152,Peter Matthiessen,en,79,https://theysaidso.com/quote/peter-matthiessen-in-nonfiction-you-have-that-limitation-that-constraint-of-tell,"In nonfiction, you have that limitation, that constraint, of telling the truth.",{truth}
153,Daniel H. Pink,en,248,https://theysaidso.com/quote/daniel-h-pink-newtonian-physics-runs-into-problems-at-the-subatomic-level-down-t,"Newtonian physics runs into problems at the subatomic level. Down there--in the land of hadrons, quarks, and Schr√∂dinger's cat--things gent freaky. The cool rationality of Isaac Newton gives way to the bizarre unpredictability of Lewis Carroll.",{motivation}
154,Harlan Coben,en,397,https://theysaidso.com/quote/harlan-coben-myron-lay-sprawled-next-to-a-knee-knockingly-gorgeous-brunette-clad,"Myron lay sprawled next to a knee-knockingly gorgeous brunette clad only in a Class-B-felony bikini, a tropical drink sans umbrella in one hand, the aqua clear Caribbean water lapping at his feet, the sand a dazzling white powder, the sky a pure blue that could only be God's blank canvas, the sun a soothing and rich as a Swedish masseur with a snifter of cognac, and he was intensely miserable.",{suspense}
155,Tamora Pierce,en,68,https://theysaidso.com/quote/tamora-pierce-you-must-tell-lady-alanna-that-sometime-id-do-it-from-a-distance,You must tell Lady Alanna that sometime. I'd do it from a distance.,"{boys, daine, fighting, misogyny, owned}"
156,Jill Ciment,en,68,https://theysaidso.com/quote/jill-ciment-if-you-look-closely-youll-find-all-my-lovers-inscribed-on-my-skin,If you look closely you'll find all my lovers inscribed on my skin.,"{lovers, tso-love}"
157,Slavenka Drakulic,en,97,https://theysaidso.com/quote/slavenka-drakulic-to-have-a-son-in-wartime-is-the-worst-curse-that-can-befall-a,"To have a son in wartime is the worst curse that can befall a mother, no matter what anyone says.",{}
158,Kent Haruf,en,181,https://theysaidso.com/quote/kent-haruf-here-was-this-man-tom-guthrie-in-holt-standing-at-the-back-window-in,Here was this man Tom Guthrie in Holt standing at the back window in the kitchen of his house smoking cigarettes and looking out over the back lot where the sun was just coming up.,{first-sentence}
159,Dinaw Mengestu,en,450,https://theysaidso.com/quote/dinaw-mengestu-it-is-always-the-first-and-last-steps-that-are-the-hardest-to-tak,"It is always the first and last steps that are the hardest to take. We walk away and try not to turn back, or we stand just outside the gates, terrified to find what's waiting for us now that we've returned. In between, we stumble blindly from one place and life to the next. We try to do the best we can. There are moments like this, however, when we are neither coming nor going, and all we have to do is sit and look back on the life we have made.","{life-and-living, reflection}"
160,W.G. Sebald,en,350,https://theysaidso.com/quote/wg-sebald-perhaps-we-all-lose-our-sense-of-reality-to-the-precise-degree-to-whic,"Perhaps we all lose our sense of reality to the precise degree to which we are engrossed in our own work, and perhaps that is why we see in the increasing complexity of our mental constructs a means for greater understanding, even while intuitively we know that we shall never be able to fathom the imponderables that govern our course through life.","{delusion, order, understanding}"
161,Meg Howrey,en,91,https://theysaidso.com/quote/meg-howrey-if-only-we-could-crawl-inside-our-dreams-and-live-there-why-cant-i-li,If only we could crawl inside our dreams and live there. Why can't I live inside my dream?,{dreams}
162,Christos Tsiolkas,en,112,https://theysaidso.com/quote/christos-tsiolkas-queria-passar-mais-uns-minutos-no-mundo-que-nao-fosse-dominado,Queria passar mais uns minutos no mundo que n√£o fosse dominado pela hierarquia e o snobismo e a vingan√ßa.,{world}
163,Michael Scott,en,322,https://theysaidso.com/quote/michael-scott-magic-is-really-only-the-utilization-of-the-entire-spectrum-of-the,"Magic is really only the utilization of the entire spectrum of the senses. Humans have cut themselves off from their senses. Now they see only a tiny portion of the visible spectrum, hear only the loudest of sounds, their sense of smell is shockingly poor and they can only distinguish the sweetest and sourest of tastes.","{magic, senses}"
164,Mitch Albom,en,109,https://theysaidso.com/quote/mitch-albom-people-are-only-mean-when-theyre-threatened-and-thats-what-our-cultu,"People are only mean when they're threatened, and that's what our culture does. That's what our economy does.","{culture, people}"
165,Paul Rusesabagina,en,352,https://theysaidso.com/quote/paul-rusesabagina-i-still-wonder-how-policy-officials-can-sit-down-at-the-table,"I still wonder how policy officials.. Can sit down at the table with their families and have any appetite for food, or go to sleep at night, knowing that they failed to act. Human beings were sacrificed for political convenience. This would be enough, I think, to turn any reasonable man into a prisoner of his own conscience for the rest of his life.",{politics}
166,Yasmina Khadra,en,195,https://theysaidso.com/quote/yasmina-khadra-for-a-man-to-think-he-can-fulfil-his-destiny-without-a-woman-is-a,"For a man to think he can fulfil his destiny without a woman is a misunderstanding, a miscalculation; it is reckless and folly. Certainly a woman is not everthing, but everything depends on her.",{woman}
167,Kristin Cashore,en,121,https://theysaidso.com/quote/kristin-cashore-well-i-always-like-it-when-you-kiss-medo-youyoure-good-at-itwell,"Well. I always like it when you kiss me. Do you?You're good at it. Well, that's lucky, because I'll always be kissing you.","{brigan, fire}"
168,Chimamanda Ngozi Adichie,en,309,https://theysaidso.com/quote/chimamanda-ngozi-adichie-richard-exhaled-it-was-like-somebody-sprinkling-pepper,"Richard exhaled. It was like somebody sprinkling pepper on his wound: Thousands of Biafrans were dead, and this man wanted to know if there was anything new about one dead white man. Richard would write about this, the rule of Western journalism: One hundred dead black people equal to one dead white person.","{racism, western-journalism}"
170,Rudy Wiebe,en,214,https://theysaidso.com/quote/rudy-wiebe-understand-is-not-the-word-you-are-right-you-can-never-really-underst,"Understand is not the word; you are right, you can never really 'understand' about someone, anyone, even yourself. It is best to believe in them as human; feel that they are alive like you and need warmth, concern.","{literature, wiebe}"
171,April Lurie,en,17,https://theysaidso.com/quote/april-lurie-shell-be-apples,She'll be apples,{power}
172,Carol Burnett,en,228,https://theysaidso.com/quote/carol-burnett-when-someone-who-is-known-for-being-comedic-does-something-straigh,"When someone who is known for being comedic does something straight, it' s always 'a big breakthrough' or a 'radical departure.' Why is it no one ever says that if a straight actor does comedy Are they presuming comedy is easier",{comedy}
173,Philip Roth,en,216,https://theysaidso.com/quote/philip-roth-it-isnt-that-you-subordinate-your-ideas-to-the-force-of-the-facts-in,It isn't that you subordinate your ideas to the force of the facts in autobiography but that you construct a sequence of stories to bind up the facts with a persuasive hypothesis that unravels your history's meaning.,"{force, history}"
174,Stephen Fry,en,110,https://theysaidso.com/quote/stephen-fry-i-am-a-lover-of-truth-a-worshipper-of-freedom-a-celebrant-at-the-alt,"I am a lover of truth, a worshipper of freedom, a celebrant at the altar of language and purity and tolerance.","{language, truth}"
175,Rebecca Skloot,en,199,https://theysaidso.com/quote/rebecca-skloot-black-patients-were-treated-much-later-in-their-disease-process-t,Black patients were treated much later in their disease process. They were often not given the same kind of pain management that white patients would have gotten and they died more often of diseases.,{pain}
176,Bruce Coville,en,23,https://theysaidso.com/quote/bruce-coville-luster-bring-me-home,"Luster, bring me home.","{childrens, fantasy, unicorns}"
177,Edward W. Said,en,133,https://theysaidso.com/quote/edward-w-said-i-dont-remember-when-exactly-i-read-my-first-comic-book-but-i-do-r,"I don't remember when exactly I read my first comic book, but I do remember exactly how liberated and subversive I felt as a result.","{comic-books, comics, liberation, subversion}"
178,Leo Tolstoy,en,297,https://theysaidso.com/quote/leo-tolstoy-love-hinders-death-love-is-life-all-everything-that-i-understand-i-u,"Love hinders death. Love is life. All, everything that I understand, I understand only because I love. Everything is, everything exists, only because I love. Everything is united by it alone. Love is God, and to die means that I, a particle of love, shall return to the general and eternal source.","{death, life, tso-love}"
179,Markus Zusak,en,47,https://theysaidso.com/quote/markus-zusak-ignoraba-que-las-palabras-pudieran-pesar-tanto,Ignoraba que las palabras pudieran pesar tanto.,"{books, friendship, markus-zusak, messenger, tso-love}"
180,Marisha Pessl,en,265,https://theysaidso.com/quote/marisha-pessl-well-life-isnt-a-cakewalk-is-it-eighty-nine-percent-of-the-worlds,"Well, life isn't a cakewalk, is it! Eighty-nine percent of the world's most valuable art was created by men living in rat-infested flats. You think Vel√°squez wore Adidas? You think he enjoyed the luxuries of central heating and twenty-four-hour pizza delivery!","{art, funny, humor}"
181,Karin Slaughter,en,100,https://theysaidso.com/quote/karin-slaughter-you-didnt-realize-what-was-passing-you-by-until-you-slowed-down,You didn't realize what was passing you by until you slowed down a little bit to get a better look.,{realization}
182,Dani Shapiro,en,563,https://theysaidso.com/quote/dani-shapiro-in-the-country-i-stopped-being-a-person-who-in-the-words-of-sylvia,"In the country, I stopped being a person who, in the words of Sylvia Boorstein,. I grew calmer, but beneath that calm was a deep well of loneliness I hadn't known was there... Anxiety was my fuel. When I stopped, it was all waiting for me: fear, anger, grief, despair, and that terrible, terrible loneliness. What was it about? I was hardly alone. I loved my husband and son. I had great friends, colleagues, students. In the quiet, in the extra hours, I was forced to ask the question, and to listen carefully to the answer: I was lonely for myself. {p. 123}",{loneliness}
183,Leslie Marmon Silko,en,170,https://theysaidso.com/quote/leslie-marmon-silko-i-will-tell-you-something-about-stories-they-arent-just-ente,"I will tell you something about stories... They aren't just entertainment. Don't be fooled. They are all we have, you see, all we have to fight off illness and death.",{storytelling}
184,Bernard Bailyn,en,153,https://theysaidso.com/quote/bernard-bailyn-what-gave-transcendent-importance-to-the-aggressiveness-of-power,"What gave transcendent importance to the aggressiveness of power was the fact that its natural prey, its necessary victim, was liberty, or law, or right.","{liberty, power, rights}"
185,Jan Karon,en,102,https://theysaidso.com/quote/jan-karon-it-was-a-wonderful-life-to-have-a-stage-play-right-in-this-room-with-r,"It was a wonderful life. To have a stage play right in this room, with real people acting real parts.","{life, parts, people, play, stage}"
186,Chris Bohjalian,en,87,https://theysaidso.com/quote/chris-bohjalian-but-its-funny-how-the-memory-works-and-how-sometimes-we-just-bel,But it's funny how the memory works and how sometimes we just belive whatever we want.,"{memories, reality}"
187,Cynthia Ozick,en,65,https://theysaidso.com/quote/cynthia-ozick-to-imagine-the-unimaginable-is-the-highest-use-of-the-imagination,To imagine the unimaginable is the highest use of the imagination,{}
188,Michael Connelly,en,266,https://theysaidso.com/quote/michael-connelly-i-think-thered-be-huge-losses-if-there-werent-newspapers-i-know,"I think there'd be huge losses if there weren't newspapers. I know everything's shifting to the Internet and some people would say, 'News is news, what you're talking about is a change of consumption, not the product that's out there.' But I think there is a change.","{change, people, products}"
189,Libba Bray,en,23,https://theysaidso.com/quote/libba-bray-to-each-his-own-magic,To each his own magic.,"{kartik, magic}"
190,Dick Francis,en,156,https://theysaidso.com/quote/dick-francis-i-wondered-to-what-extent-people-remained-the-same-as-theyd-been-wh,"I wondered to what extent people remained the same as they'd been when very young, if one peeled back the layers of living one would come to the know child.",{people}
191,Lisa See,en,461,https://theysaidso.com/quote/lisa-see-if-it-is-perfectly-acceptable-for-a-widow-to-disfigure-herself-or-commi,"If it is perfectly acceptable for a widow to disfigure herself or commit suicide to save face for her husband's family, why should a mother not be moved to extreme action by the loss of a child or children? We are their caretakers. We love them. We nurse them when they are sick... But no woman should live longer than her children. It is against the law of nature. If she does, why wouldn't she wish to leap from a cliff, hang from a branch, or swallow lye?","{death, family, tso-love, women}"
192,John Updike,en,127,https://theysaidso.com/quote/john-updike-women-fire-in-their-crotch-wont-burn-out-begin-by-fighting-off-prick,"Women, fire in their crotch, won't burn out, begin by fighting off pricks, end by going wild hunting for one that still works.",{women}
193,Farley Mowat,en,321,https://theysaidso.com/quote/farley-mowat-whenever-and-wherever-men-have-engaged-in-the-mindless-slaughter-of,"Whenever and wherever men have engaged in the mindless slaughter of animals (including other men), they have often attempted to justify their acts by attributing the most vicious or revolting qualities to those they would destory; and the less reason there is for the slaughter, the greater the campaign for vilification.","{animal-rights, war}"
194,Toni Morrison,en,67,https://theysaidso.com/quote/toni-morrison-she-missed-without-knowing-what-she-missed-paints-and-crayons,She missed -- without knowing what she missed-- paints and crayons,"{arts-education, culture, poverty}"
195,Tobias Wolff,en,58,https://theysaidso.com/quote/tobias-wolff-we-are-made-to-persist-thats-how-we-find-out-who-we-are,We are made to persist. That's how we find out who we are.,{}
196,Joshua Zeitz,en,648,https://theysaidso.com/quote/joshua-zeitz-a-study-of-fifty-women-conducted-in-1887-revealed-that-the-corset-f,"A study of fifty women conducted in 1887 revealed that the corset forcibly contracted their waists by anywhere between two and a half and six bodies. The pressure it applied to women's bodies averaged twenty-one pounds but could reach as high as eighty-eight pounds. Tight-lacing was thus akin to crushing oneself slowly from all sides. As a harsh critic of the corset noted, 'It is evident, physiologically, that air is the pabulum of life, and that the effects of a tight cord round the neck and of tight-lacing only differ in degree.. For the strangulations are both fatal. To wear tight stays is in many cases to wither, to waste and to die.","{corsets, flapper, freedom, restrictive, strangulation, style}"
197,Darrin Lunde,en,123,https://theysaidso.com/quote/darrin-lunde-bumblebee-bat-how-do-you-see-at-night-i-make-a-squeaky-sound-that-b,"-Bumblebee bat, how do you see at night?-I make a squeaky sound that bounces back from whatever it hits. I see by hearing.","{bats, children, echolocation}"
198,Amy Tan,en,135,https://theysaidso.com/quote/amy-tan-my-mother-said-i-was-a-clingy-kid-until-i-was-about-four-i-also-remember,My mother said I was a clingy kid until I was about four. I also remember that from the age of eight she and I fought almost every day.,{age}
199,Barack Obama,en,395,https://theysaidso.com/quote/barack-obama-the-underlying-struggle-between-worlds-of-plenty-and-worlds-of-want,"The underlying struggle - between worlds of plenty and worlds of want; between the modern and the ancient; between those who embrace our teeming, colliding, irksome diversity, while still insisting on a set of values that binds us together, and those who would seek, under whatever flag or slogan or sacred text, a certainty and simplification that justifies cruelty toward those not like us..","{civil-rights, cruelty, homosexuality, politics, religion, respect, tolerance, understanding, understanding-oneself-and-others, understanding-others}"
200,Stephen King,en,112,https://theysaidso.com/quote/stephen-king-kids-the-fiction-is-the-truth-inside-the-lie-and-the-truth-of-this,"Kids, the fiction is the truth inside the lie, and the truth of this fiction is simple enough: the magic exists.","{magic, truth}"
201,Ayn Rand,en,244,https://theysaidso.com/quote/ayn-rand-i-do-not-think-that-tragedy-is-our-natural-fate-and-i-do-not-live-in-ch,"I do not think that tragedy is our natural fate and I do not live in chronic dread of disaster. It is no happiness, but suffering that I consider unnatural. It is not success, but calamity that I regard as the abnormal exception in Human Life.","{atlas-shrugged, ayn-rand, galt, objectivism, philosophy, taggart}"
202,Joan Aiken,en,416,https://theysaidso.com/quote/joan-aiken-it-was-dusk-winter-dusk-snow-lay-white-and-shining-over-the-pleated-h,"It was dusk - winter dusk. Snow lay white and shining over the pleated hills, and icicles hung from the forest trees. Snow lay piled on the dark road across Willoughby Wold, but from dawn men had been clearing it with brooms and shovels. There were hundreds of them at work, wrapped in sacking because of the bitter cold, and keeping together in groups for fear of the wolves, grown savage and reckless from hunger.",{opening-lines}
203,Kurt Vonnegut,en,57,https://theysaidso.com/quote/kurt-vonnegut-virtually-every-writer-i-know-would-rather-be-a-musician,Virtually every writer I know would rather be a musician.,"{music, writing}"
204,Brandon Sanderson,en,66,https://theysaidso.com/quote/brandon-sanderson-and-dont-waste-time-worshipping-harmony-doing-good-the-worship,And don't waste time worshipping Harmony. Doing good the worship.,"{good-works, religion, tenets, worship}"
205,Patricia Cornwell,en,49,https://theysaidso.com/quote/patricia-cornwell-i-believe-the-root-of-all-evil-is-abuse-of-power,I believe the root of all evil is abuse of power.,{power}
206,Ishmael Beah,en,308,https://theysaidso.com/quote/ishmael-beah-every-time-people-come-at-us-with-the-intention-of-killing-us-i-clo,"Every time people come at us with the intention of killing us, I close my eyes and wait for death. Even thought I am still alive, I feel like each time I accept death, part of me dies. Very soon I will completely die and all that will be left is my empty body walking with you. It will be quieter than I am.","{death, lose-of-hope}"
207,Edwidge Danticat,en,88,https://theysaidso.com/quote/edwidge-danticat-to-start-with-for-example-this-year-2004-is-the-bicentennial-of,"To start with, for example this year, 2004, is the bicentennial of Haitian independence.","{example, independence}"
208,Nicholas D. Kristof,en,92,https://theysaidso.com/quote/nicholas-d-kristof-i-think-its-dangerous-to-be-optimistic-things-could-go-terrib,I think it's dangerous to be optimistic. Things could go terribly wrong virtually overnight.,{wrongs}
209,Daniel Ehrenhaft,en,165,https://theysaidso.com/quote/daniel-ehrenhaft-when-we-were-little-kids-friend-wasnt-a-verb-you-didnt-friend-s,"When we were little kids, 'friend' wasn't a verb. You didn't 'friend' someone. You had friends. It was only a noun. It didn't multitask. It was a simpler time, Hen.",{ya}
210,Chang-rae Lee,en,40,https://theysaidso.com/quote/chang-rae-lee-the-truth-finally-is-who-can-tell-it,"The truth, finally, is who can tell it.",{truth}
211,J. M. Coetzee,en,47,https://theysaidso.com/quote/j-m-coetzee-our-lies-reveal-as-much-about-us-as-our-truths,Our lies reveal as much about us as our truths.,{truth}
212,Mordecai Richler,en,146,https://theysaidso.com/quote/mordecai-richler-im-criticized-by-the-feminists-by-the-jewish-establishment-by-c,"I'm criticized by the feminists, by the Jewish establishment, by Canadian nationalists. And why not? I've had my pot shots at them. I'm fair game.","{game, games}"
213,Chris Riddell,en,73,https://theysaidso.com/quote/chris-riddell-when-you-meet-kids-that-are-passionate-you-know-you-are-getting-th,"When you meet kids that are passionate, you know you are getting through.",{}
214,Margo Lanagan,en,197,https://theysaidso.com/quote/margo-lanagan-it-was-one-thing-not-to-want-a-husband-i-realized-it-was-quite-ano,"It was one thing not to want a husband, I realized; it was quite another not to need one for the roof over your head, for your meat and bread, for the shoes on your feet and the coat on your back.","{husband, marriage, relationships, tso-love}"
215,Sherwin B. Nuland,en,125,https://theysaidso.com/quote/sherwin-b-nuland-the-life-sciences-contain-spiritual-values-which-can-never-be-e,The life sciences contain spiritual values which can never be explained by the materialistic attitude of present day science,"{biology, science, spirtuality}"
216,Michael D. Beil,en,148,https://theysaidso.com/quote/michael-d-beil-livvy-and-me-together-in-an-elevator-for-four-hoursand-were-good,Livvy and me together in an elevator for four hours. And we're good. To some eyes the fact that we're both alive could be viewed as a minor miracle.,{humorous}
217,William Dalrymple,en,267,https://theysaidso.com/quote/william-dalrymple-at-one-stage-when-they-stop-to-ask-directions-they-pick-up-a-l,"{At one stage, when they stop to ask directions, they pick up a local on a bike who, in true Moroccan style, turns out to be a fake guide.} He just took us to where he wanted to go and got out,.. We got back at 2.15am, not a single drink was found or taken. Hey ho.",{}
218,Craig Johnson,en,292,https://theysaidso.com/quote/craig-johnson-katrina-however-knocked-out-a-substantial-portion-of-the-nations-p,"{Katrina, however, knocked out a substantial portion of the nation's petroleum infrastructure, especially refineries that produce gasoline, when gas supplies were already stretched thin.} The larger worry may not be Katrina itself,.. But if energy prices were to continue their sharp climb.",{}
219,Rebecca Solnit,en,245,https://theysaidso.com/quote/rebecca-solnit-in-a-sense-the-car-has-become-a-prosthetic-and-though-prosthetics,"In a sense the car has become a prosthetic, and though prosthetics are usually for injured or missing limbs, the auto-prosthetic is for a conceptually impaired body or a body impaired by the creation of a world that is no longer human in scale.","{cars, page-258, walking}"
220,Rosalind Wiseman,en,95,https://theysaidso.com/quote/rosalind-wiseman-you-cant-blame-people-for-being-inconsistent-parents-if-theyre,You can't blame people for being inconsistent parents if they're receiving inconsistent advice.,{}
221,Diana Gabaldon,en,329,https://theysaidso.com/quote/diana-gabaldon-its-appearance-was-greeted-with-cries-of-rapture-and-following-a,"Its appearance was greeted with cries of rapture, and following a brief struggle over possesion of the volume, William rescued it before it should be torn to pieces, but allowed himself to be induced to read some of the passages aloud, his dramatic rendering being greeted by wolflike howls of enthusiasim and hails of live pits.",{books}
222,Yotam Ottolenghi,en,391,https://theysaidso.com/quote/yotam-ottolenghi-it-is-more-than-twenty-years-since-we-left-the-city-this-is-a-s,"It is more than twenty years since we left the city. This is a serious chunk of time, longer than the years we spent living there. Yet we still think of Jerusalem as our home. Not home in the sense of the place that you conduct your daily life or constantly return to. In fact, Jerusalem is our home almost against our wills. It is our home because it defines us, whether we like it or not.","{emigration, home, jerusalem, sami-tamimi, yotam-ottolenghi}"
223,Charlaine Harris,en,195,https://theysaidso.com/quote/charlaine-harris-i-didnt-know-what-to-think-about-first-me-seeing-claude-naked-c,"I didn't know what to think about first: me seeing Claude naked, Claude seeing me naked, or the whole fact that we were related and naked in the same room.(Sookie Stackhouse, Dead in the Family)","{charlaine-harris, dead-in-the-family, paranormal, sookie-stackhouse}"
224,John Steinbeck,en,115,https://theysaidso.com/quote/john-steinbeck-if-youre-in-trouble-or-hurt-or-need-go-to-the-poor-people-theyre,"If you're in trouble, or hurt or need - go to the poor people. They're the only ones that'll help - the only ones.",{poverty}
225,Tim Lilburn,en,149,https://theysaidso.com/quote/tim-lilburn-dry-snow-coming-down-in-the-hills-magpies-hair-triggered-and-thuggis,"Dry snow coming down in the hills. Magpies hair-triggered and thuggish in worn trees. A wall has started to fall in you, it will take years to land.",{time}
226,Conn Iggulden,en,307,https://theysaidso.com/quote/conn-iggulden-courage-cannot-be-left-like-bones-in-a-bag-it-must-be-brought-out,"Courage cannot be left like bones in a bag. It must be brought out and shown the light again and again, growing stronger each time. If you think it will keep for the times you need it, you are wrong. It is like any other part of your strength. If you ignore it, the bag will be empty when you need it most.",{courage}
227,Harry Turtledove,en,285,https://theysaidso.com/quote/harry-turtledove-that-anyone-would-want-to-be-famous-still-mystified-colin-as-tv,"That anyone would want to be famous still mystified Colin. As TV had trained him to do, he associated the word with divorces and court appearances and rehab and jail time. He knew more than he wanted about all of those except rehab, and that was the one famous people blew off anyway.",{fame}
228,Alberto Manguel,en,60,https://theysaidso.com/quote/alberto-manguel-each-book-was-a-world-unto-itself-and-in-it-i-took-refuge,"Each book was a world unto itself, and in it I took refuge.","{books, escapism, reading}"
229,Mark Haddon,en,165,https://theysaidso.com/quote/mark-haddon-on-the-fifth-day-which-was-a-sunday-it-rained-very-hard-i-like-it-wh,"On the fifth day, which was a Sunday, it rained very hard. I like it when it rains hard. It sounds like white noise everywhere, which is like silence but not empty.","{empty, perspective, rain, silence, white-noise}"
230,Dan Chaon,en,101,https://theysaidso.com/quote/dan-chaon-you-could-say-that-they-were-sweet-or-you-could-say-that-they-were-som,"You could say that they were sweet, or you could say that they were something out of a horror movie.","{horror, sweet}"
231,Lauren Kate,en,148,https://theysaidso.com/quote/lauren-kate-and-while-luce-dreamed-below-of-the-most-glorious-wings-unfurling-th,And while Luce dreamed below of the most glorious wings unfurling-the likes of which she'd never seen before-two angels in the rafters shook hands.,"{angels, fallen}"
232,Mary Balogh,en,293,https://theysaidso.com/quote/mary-balogh-and-he-knew-at-that-moment-that-love-world-never-die-that-it-would-n,"And he knew at that moment that love world never die, that it would never fade away altogether. The time might come when he would meet and marry someone else. He might even be reasonably happy. But there would always be a deep precious place in his heart that belonged to his first real love.","{happy, marry}"
233,Kelley Armstrong,en,44,https://theysaidso.com/quote/kelley-armstrong-you-forget-darlingi-the-local-psychopath,"You forget, darling.I the local psychopath.","{funny, humor}"
234,Rohinton Mistry,en,374,https://theysaidso.com/quote/rohinton-mistry-loss-is-essential-loss-is-part-and-parcel-of-that-necessary-cala,".. Loss is essential, loss is part and parcel of that necessary calamity called life. Mind you, I'm not complaining. Thanks to some inexplicable universal guiding force, it is always the worthless things we lose - slough off, like a moulting snake. Losing and losing again, is the very basis of the process, til all we are left with is the bare essence of human existence..","{a-fine-balance, loss}"
235,Carl Hiaasen,en,158,https://theysaidso.com/quote/carl-hiaasen-if-you-write-satire-the-guilty-pleasure-these-days-is-that-theres-j,"If you write satire, the guilty pleasure these days is that there's just so much material about. On the other hand, if you have a family it can be depressing.",{family}
236,Charles Stross,en,142,https://theysaidso.com/quote/charles-stross-i-was-walking-around-for-a-week-or-so-trying-to-remember-not-to-t,"I was walking around for a week or so trying to remember not to talk about it. And, you know, keeping good news to yourself isn't always easy.",{}
237,Maggie Shipstead,en,397,https://theysaidso.com/quote/maggie-shipstead-an-airplane-crossed-the-sky-and-she-imagined-its-interior-peopl,"An airplane crossed the sky, and she imagined its interior-people packed in rows like eggs in a carton, the chemical smell of the toilets, pretzels in foil pouches, cans hiss-popping open, black oval of night sky embedded in the rattling walls. How strange that something so drab, so confined, so stifling with sour exhalations and the fumes of indifferent machinery might be mistaken for a star.","{airplanes, flight, flying, stars}"
238,Tana French,en,340,https://theysaidso.com/quote/tana-french-people-need-a-moral-code-to-help-them-make-decisions-all-this-bio-yo,"People need a moral code, to help them make decisions. All this bio-yogurt virtue and financial self-righteousness are just filling the gap in the market. But the problem is that it's all backwards. It's not that you do the right thing and hope it pays off; the morally right thing is by definition the thing that gives the biggest payoff.","{morals, religion}"
239,Chinua Achebe,en,191,https://theysaidso.com/quote/chinua-achebe-the-whole-idea-of-a-stereotype-is-to-simplify-instead-of-going-thr,The whole idea of a stereotype is to simplify. Instead of going through the problem of all this great diversity - that it's this or maybe that - you have just one large statement: It is this.,"{diversity, stereotypes}"
240,Jane Smiley,en,330,https://theysaidso.com/quote/jane-smiley-i-was-depressed-but-that-was-a-side-issue-this-was-more-like-closing,"I was depressed, but that was a side issue. This was more like closing up shop, or, say, having a big garage sale, where you look at everything you've bought in your life, and you remember how much it meant to you, and now you just tag it for a quarter and watch 'em carry it off, and you don't care. That's more like how it was.","{cancer, depression}"
241,Sarah Dessen,en,112,https://theysaidso.com/quote/sarah-dessen-so-you-should-remember-that-when-youre-thinking-about-what-other-pe,"So you should remember that, when you're thinking about what other people can deal with. Maybe it's not so bad.","{experiences, life, people}"
242,William Gibson,en,144,https://theysaidso.com/quote/william-gibson-its-impossible-to-move-to-live-to-operate-at-any-level-without-le,"It's impossible to move, to live, to operate at any level without leaving traces, bits, seemingly meaningless fragments of personal information.","{information, war}"
243,Pat Barker,en,316,https://theysaidso.com/quote/pat-barker-we-are-craiglockharts-success-stories-look-at-us-we-dont-remember-we,"We are Craiglockhart's success stories. Look at us. We don't remember, we don't feel, we don't think - at least beyond the confines of what's needed to do the job. By any proper civilized standard (but what does that mean now?) we are objects of horror. But our nerves are completely steady. And we are still alive.","{hospitals, mental-illness, ptsd, trauma, war}"
244,Yoko Ogawa,en,695,https://theysaidso.com/quote/yoko-ogawa-the-pages-and-pages-of-complex-impenetrable-calculations-might-have-c,".. The pages and pages of complex, impenetrable calculations might have contained the secrets of the universe, copied out of God's notebook. In my imagination, I saw the creator of the universe sitting in some distant corner of the sky, weaving a pattern of delicate lace so fine that that even the faintest light would shine through it. The lace stretches out infinitely in every direction, billowing gently in the cosmic breeze. You want desperately to touch it, hold it up to the light, rub it against your cheek. And all we ask is to be able to re-create the pattern, weave it again with numbers, somehow, in our own language; to make the tiniest fragment our own, to bring it back to eart.",{mathematics}
245,Robert Harris,en,35,https://theysaidso.com/quote/robert-harris-people-perish-books-are-immortal,People perish. Books are immortal.,"{books, historical, literature}"
246,E. Lockhart,en,158,https://theysaidso.com/quote/e-lockhart-sometimes-its-a-good-idea-to-think-about-what-you-from-a-situation-an,"Sometimes it's a good idea to think about what you from a situation, and try to get it, rather than just blurt out the first thing that comes into your head.","{decisions, desire, ideas, impulsiveness, want}"
247,Sharon Olds,en,152,https://theysaidso.com/quote/sharon-olds-their-spirits-and-their-visions-are-embodied-in-their-craft-and-so-i,Their spirits and their visions are embodied in their craft. And so is mine. It's not Jane Saw Puff. But the clarity of Jane Saw Puff is precious to me.,{vision}
248,Jake Wizner,en,88,https://theysaidso.com/quote/jake-wizner-i-wrote-you-this-poem-because-i-was-afraid-to-come-out-and-tell-you,I wrote you this poem because i was afraid/ To come out and tell you i want to get laid.,{shakespeare}
249,Nick Hornby,en,281,https://theysaidso.com/quote/nick-hornby-i-wanted-to-make-my-life-short-and-i-was-at-a-party-in-toppers-hose,"I wanted to make my life short, and I was at a party in Toppers' Hose, and the coincidence was too much. It was like a message from God. OK, it was disappointing that all God had to say to me was, like, Jump off a roof, but I didn't blame him. What else was he supposed to tell me?","{coincidence, life}"
250,Jack Kerouac,en,48,https://theysaidso.com/quote/jack-kerouac-pain-or-love-or-danger-makes-you-real-again,Pain or love or danger makes you real again..,{life}
251,John Grisham,en,281,https://theysaidso.com/quote/john-grisham-weve-sent-130-men-to-death-row-to-be-executed-in-this-country-at-le,"We've sent 130 men to death row to be executed in this country, at least 130 that we know of, who have later have been exonerated because they were either innocent, or they were not fairly tried. That's 130 people that we've locked down on death row. And they've spent years there.","{death, men, people}"
252,Sara Paretsky,en,59,https://theysaidso.com/quote/sara-paretsky-sisters-in-crime-now-has-more-than-4000-members-worldwide,"Sisters in Crime now has more than 4,000 members worldwide.",{crime}
253,Don DeLillo,en,180,https://theysaidso.com/quote/don-delillo-its-my-contention-that-each-book-creates-its-own-structure-and-its-o,"It's my contention that each book creates its own structure and its own length. I've written three or four slim books. It may be that the next novel is a big one, but I don't know.","{books, dramatic-structure, length-of-a-novel, literature, narrative, novels, robert-mccrum, writing}"
254,Michael Pollan,en,200,https://theysaidso.com/quote/michael-pollan-in-corn-i-think-ive-found-the-key-to-the-american-food-chain-if-y,"In corn, I think I've found the key to the American food chain. If you look at a fast-food meal, a McDonald's meal, virtually all the carbon in it - and what we eat is mostly carbon - comes from corn.","{food, key}"
255,Andrew Ross Sorkin,en,396,https://theysaidso.com/quote/andrew-ross-sorkin-the-numbers-were-at-best-guesstimates-and-all-three-men-knew,"The numbers were, at best, guesstimates, and all three men knew it. The relevant figure would ultimately be the one that represented the most they could possibly ask from Congress without raising too many questions. Whatever that sum turned out to be, they knew they could count on (Interim Assistant Secretary of the Treasury) Kashkari to perform some sort of mathematical voodoo to justify it:","{ideology, politics}"
256,Ross King,en,188,https://theysaidso.com/quote/ross-king-and-as-i-surveyed-the-clutter-of-his-study-i-was-pleased-to-see-that-h,And as I surveyed the clutter of his study I was pleased to see that he was a man after my own heart. All of his money appeared to have been spent on either books or shelves to hold them.,"{books, bookshelf, reading}"
257,Wade Davis,en,115,https://theysaidso.com/quote/wade-davis-to-find-those-great-stories-of-wonder-found-within-various-cultures-t,To find those great stories of wonder found within various cultures that teach us something about human experience.,{}
258,Amy Grant,en,124,https://theysaidso.com/quote/amy-grant-more-important-than-talent-strength-or-knowledge-is-the-ability-to-lau,"More important than talent, strength, or knowledge is the ability to laugh at yourself and enjoy the pursuit of your dreams.",{}
259,Stephen Hawking,en,156,https://theysaidso.com/quote/stephen-hawking-the-life-we-have-on-earth-must-have-spontaneously-generated-itse,The life we have on Earth must have spontaneously generated itself. It must therefore be possible for life to exist spontaneously elsewhere in the universe.,{life}
260,Michelle Richmond,en,222,https://theysaidso.com/quote/michelle-richmond-its-rather-disconcerting-to-sit-around-a-table-in-a-critique-o,"It's rather disconcerting to sit around a table in a critique of someone else's work, only to realize that the antagonist in the story is none other than yourself, and no one present thinks you're a very likable character.","{character, critique, workshop, writer, writing}"
261,Gayle Forman,en,172,https://theysaidso.com/quote/gayle-forman-kaze-da-se-svijet-dijeli-na-ljude-koji-zamisljaju-svoj-sprovod-i-on,"Ka≈æe da se svijet dijeli na ljude koji zami≈°ljaju svoj sprovod i one koji ga ne zami≈°ljaju, te da pametni i umjetni?ki nastrojeni ljudi spadaju u prvu kategoriju.",{life-and-death}
